{
    "date": {
        "day": 8,
        "month": 3,
        "year": 2018
    },
    "edition": {
        "major": 1,
        "minor": 4
    },
    "number": 21,
    "title": "ADS-B Target Reports Expansion",
    "type": "Expansion",
    "variation": {
        "fspec": 8,
        "items": [
            {
                "definition": "Barometric Pressure Setting\n",
                "description": null,
                "name": "BPS",
                "remark": "Notes:\n\n    - BPS is the barometric pressure setting of the aircraft minus 800 hPa\n\n    - A value of \"0\" indicates that in the aircraft a value of 800 hPa or\n      less has been selected.\n\n    - A value of \"409.5\" indicates that in the aircraft a value of 1209.5\n      hPa or more has been selected.\n",
                "spare": false,
                "title": "Barometric Pressure Setting",
                "variation": {
                    "items": [
                        {
                            "length": 4,
                            "spare": true
                        },
                        {
                            "definition": null,
                            "description": null,
                            "name": "BPS",
                            "remark": null,
                            "spare": false,
                            "title": "Barometric Pressure Setting",
                            "variation": {
                                "rule": {
                                    "content": {
                                        "constraints": [
                                            {
                                                "type": ">=",
                                                "value": {
                                                    "type": "Integer",
                                                    "value": 0
                                                }
                                            },
                                            {
                                                "type": "<=",
                                                "value": {
                                                    "type": "Real",
                                                    "value": 409.5
                                                }
                                            }
                                        ],
                                        "fractionalBits": 0,
                                        "scaling": {
                                            "type": "Real",
                                            "value": 0.1
                                        },
                                        "signed": false,
                                        "type": "Quantity",
                                        "unit": "hPa"
                                    },
                                    "type": "ContextFree"
                                },
                                "size": 12,
                                "type": "Element"
                            }
                        }
                    ],
                    "type": "Group"
                }
            },
            {
                "definition": "Selected Heading\n",
                "description": null,
                "name": "SH",
                "remark": "On many aircraft, the ADS-B Transmitting Subsystem receives\nSelected Heading from a Mode Control Panel / Flight Control Unit\n(MCP / FCU). Users of this data are cautioned that the Selected\nHeading value transmitted by the ADS-B Transmitting Subsystem\ndoes not necessarily reflect the true intention of the airplane during\ncertain flight modes (e.g., during LNAV mode).\n",
                "spare": false,
                "title": "Selected Heading",
                "variation": {
                    "items": [
                        {
                            "length": 4,
                            "spare": true
                        },
                        {
                            "definition": null,
                            "description": null,
                            "name": "HDR",
                            "remark": null,
                            "spare": false,
                            "title": "Horizontal Reference Direction",
                            "variation": {
                                "rule": {
                                    "content": {
                                        "type": "Table",
                                        "values": [
                                            [
                                                0,
                                                "True North"
                                            ],
                                            [
                                                1,
                                                "Magnetic North"
                                            ]
                                        ]
                                    },
                                    "type": "ContextFree"
                                },
                                "size": 1,
                                "type": "Element"
                            }
                        },
                        {
                            "definition": null,
                            "description": null,
                            "name": "STAT",
                            "remark": null,
                            "spare": false,
                            "title": "Selected Heading Status",
                            "variation": {
                                "rule": {
                                    "content": {
                                        "type": "Table",
                                        "values": [
                                            [
                                                0,
                                                "Data is either unavailable or invalid"
                                            ],
                                            [
                                                1,
                                                "Data is available and valid"
                                            ]
                                        ]
                                    },
                                    "type": "ContextFree"
                                },
                                "size": 1,
                                "type": "Element"
                            }
                        },
                        {
                            "definition": null,
                            "description": null,
                            "name": "SH",
                            "remark": null,
                            "spare": false,
                            "title": "Selected Heading",
                            "variation": {
                                "rule": {
                                    "content": {
                                        "constraints": [],
                                        "fractionalBits": 6,
                                        "scaling": {
                                            "type": "Integer",
                                            "value": 45
                                        },
                                        "signed": false,
                                        "type": "Quantity",
                                        "unit": "°"
                                    },
                                    "type": "ContextFree"
                                },
                                "size": 10,
                                "type": "Element"
                            }
                        }
                    ],
                    "type": "Group"
                }
            },
            {
                "definition": "Navigation Mode Settings\n",
                "description": null,
                "name": "NAV",
                "remark": "This data-item should only be transmitted if an ADS-B indication has\nbeen received that the mode bits have been \"actively populated\".by\nthe avionics (1090 ES version 2 (as defined in I021/210) BDS 6,2,\nsubtype 1, bit 47: \"Status of MCP / FCU Mode Bits\")\n",
                "spare": false,
                "title": "Navigation Mode",
                "variation": {
                    "items": [
                        {
                            "definition": null,
                            "description": null,
                            "name": "AP",
                            "remark": null,
                            "spare": false,
                            "title": "Autopilot",
                            "variation": {
                                "rule": {
                                    "content": {
                                        "type": "Table",
                                        "values": [
                                            [
                                                0,
                                                "Autopilot not engaged"
                                            ],
                                            [
                                                1,
                                                "Autopilot engaged"
                                            ]
                                        ]
                                    },
                                    "type": "ContextFree"
                                },
                                "size": 1,
                                "type": "Element"
                            }
                        },
                        {
                            "definition": null,
                            "description": null,
                            "name": "VN",
                            "remark": null,
                            "spare": false,
                            "title": "Vertical Navigation",
                            "variation": {
                                "rule": {
                                    "content": {
                                        "type": "Table",
                                        "values": [
                                            [
                                                0,
                                                "Vertical Navigation not active"
                                            ],
                                            [
                                                1,
                                                "Vertical Navigation active"
                                            ]
                                        ]
                                    },
                                    "type": "ContextFree"
                                },
                                "size": 1,
                                "type": "Element"
                            }
                        },
                        {
                            "definition": null,
                            "description": null,
                            "name": "AH",
                            "remark": null,
                            "spare": false,
                            "title": "Altitude Hold",
                            "variation": {
                                "rule": {
                                    "content": {
                                        "type": "Table",
                                        "values": [
                                            [
                                                0,
                                                "Altitude Hold not engaged"
                                            ],
                                            [
                                                1,
                                                "Altitude Hold engaged"
                                            ]
                                        ]
                                    },
                                    "type": "ContextFree"
                                },
                                "size": 1,
                                "type": "Element"
                            }
                        },
                        {
                            "definition": null,
                            "description": null,
                            "name": "AM",
                            "remark": null,
                            "spare": false,
                            "title": "Approach Mode",
                            "variation": {
                                "rule": {
                                    "content": {
                                        "type": "Table",
                                        "values": [
                                            [
                                                0,
                                                "Approach Mode not active"
                                            ],
                                            [
                                                1,
                                                "Approach Mode active"
                                            ]
                                        ]
                                    },
                                    "type": "ContextFree"
                                },
                                "size": 1,
                                "type": "Element"
                            }
                        },
                        {
                            "length": 4,
                            "spare": true
                        }
                    ],
                    "type": "Group"
                }
            },
            {
                "definition": "GPS Antenna Offset\n",
                "description": null,
                "name": "GAO",
                "remark": "The value of this field is copied from the respective bits 33-40 of\nversion 2 (as defined in I021/210) of 1090 ES BDS register 6,5\n(Aircraft Operational Status)\n",
                "spare": false,
                "title": "GPS Antenna Offset",
                "variation": {
                    "rule": {
                        "content": {
                            "type": "Raw"
                        },
                        "type": "ContextFree"
                    },
                    "size": 8,
                    "type": "Element"
                }
            },
            {
                "definition": "Ground Speed and Track Angle elements of the Surface\nGround Vector.\n",
                "description": null,
                "name": "SGV",
                "remark": null,
                "spare": false,
                "title": "Surface Ground Vector",
                "variation": {
                    "items": [
                        {
                            "definition": null,
                            "description": null,
                            "name": "STP",
                            "remark": null,
                            "spare": false,
                            "title": "",
                            "variation": {
                                "rule": {
                                    "content": {
                                        "type": "Table",
                                        "values": [
                                            [
                                                0,
                                                "Aircraft has not stopped"
                                            ],
                                            [
                                                1,
                                                "Aircraft has stopped"
                                            ]
                                        ]
                                    },
                                    "type": "ContextFree"
                                },
                                "size": 1,
                                "type": "Element"
                            }
                        },
                        {
                            "definition": null,
                            "description": null,
                            "name": "HTS",
                            "remark": null,
                            "spare": false,
                            "title": "",
                            "variation": {
                                "rule": {
                                    "content": {
                                        "type": "Table",
                                        "values": [
                                            [
                                                0,
                                                "Heading/Ground Track data is not valid"
                                            ],
                                            [
                                                1,
                                                "Heading/Ground Track data is valid"
                                            ]
                                        ]
                                    },
                                    "type": "ContextFree"
                                },
                                "size": 1,
                                "type": "Element"
                            }
                        },
                        {
                            "definition": null,
                            "description": null,
                            "name": "HTT",
                            "remark": null,
                            "spare": false,
                            "title": "",
                            "variation": {
                                "rule": {
                                    "content": {
                                        "type": "Table",
                                        "values": [
                                            [
                                                0,
                                                "Heading data provided"
                                            ],
                                            [
                                                1,
                                                "Ground Track provided"
                                            ]
                                        ]
                                    },
                                    "type": "ContextFree"
                                },
                                "size": 1,
                                "type": "Element"
                            }
                        },
                        {
                            "definition": null,
                            "description": null,
                            "name": "HRD",
                            "remark": null,
                            "spare": false,
                            "title": "",
                            "variation": {
                                "rule": {
                                    "content": {
                                        "type": "Table",
                                        "values": [
                                            [
                                                0,
                                                "True North"
                                            ],
                                            [
                                                1,
                                                "Magnetic North"
                                            ]
                                        ]
                                    },
                                    "type": "ContextFree"
                                },
                                "size": 1,
                                "type": "Element"
                            }
                        },
                        {
                            "definition": null,
                            "description": null,
                            "name": "GSS",
                            "remark": null,
                            "spare": false,
                            "title": "Ground Speed",
                            "variation": {
                                "rule": {
                                    "content": {
                                        "constraints": [],
                                        "fractionalBits": 3,
                                        "scaling": {
                                            "type": "Integer",
                                            "value": 1
                                        },
                                        "signed": false,
                                        "type": "Quantity",
                                        "unit": "kt"
                                    },
                                    "type": "ContextFree"
                                },
                                "size": 11,
                                "type": "Element"
                            }
                        },
                        null,
                        {
                            "definition": null,
                            "description": null,
                            "name": "HGT",
                            "remark": null,
                            "spare": false,
                            "title": "Heading/Ground Track Information",
                            "variation": {
                                "rule": {
                                    "content": {
                                        "constraints": [],
                                        "fractionalBits": 4,
                                        "scaling": {
                                            "type": "Integer",
                                            "value": 45
                                        },
                                        "signed": false,
                                        "type": "Quantity",
                                        "unit": "°"
                                    },
                                    "type": "ContextFree"
                                },
                                "size": 7,
                                "type": "Element"
                            }
                        },
                        null
                    ],
                    "type": "Extended"
                }
            },
            {
                "definition": "This item contains flags to convey information on the status\nof a target.\n",
                "description": null,
                "name": "STA",
                "remark": null,
                "spare": false,
                "title": "Aircraft Status",
                "variation": {
                    "items": [
                        {
                            "definition": null,
                            "description": null,
                            "name": "ES",
                            "remark": null,
                            "spare": false,
                            "title": "",
                            "variation": {
                                "rule": {
                                    "content": {
                                        "type": "Table",
                                        "values": [
                                            [
                                                0,
                                                "Target is not 1090 ES IN capable"
                                            ],
                                            [
                                                1,
                                                "Target is 1090 ES IN capable"
                                            ]
                                        ]
                                    },
                                    "type": "ContextFree"
                                },
                                "size": 1,
                                "type": "Element"
                            }
                        },
                        {
                            "definition": null,
                            "description": null,
                            "name": "UAT",
                            "remark": null,
                            "spare": false,
                            "title": "",
                            "variation": {
                                "rule": {
                                    "content": {
                                        "type": "Table",
                                        "values": [
                                            [
                                                0,
                                                "Target is not UAT IN capable"
                                            ],
                                            [
                                                1,
                                                "Target is UAT IN capable"
                                            ]
                                        ]
                                    },
                                    "type": "ContextFree"
                                },
                                "size": 1,
                                "type": "Element"
                            }
                        },
                        {
                            "length": 5,
                            "spare": true
                        },
                        null
                    ],
                    "type": "Extended"
                }
            },
            {
                "definition": "True North Heading (Element of Air Vector).\n",
                "description": null,
                "name": "TNH",
                "remark": "Magnetic Heading is defined in I021/152.\n",
                "spare": false,
                "title": "True North Heading",
                "variation": {
                    "rule": {
                        "content": {
                            "constraints": [],
                            "fractionalBits": 16,
                            "scaling": {
                                "type": "Integer",
                                "value": 360
                            },
                            "signed": false,
                            "type": "Quantity",
                            "unit": "°"
                        },
                        "type": "ContextFree"
                    },
                    "size": 16,
                    "type": "Element"
                }
            },
            {
                "definition": "Contents of Extended Squitters transmitted by Military Aircraft\n",
                "description": null,
                "name": "MES",
                "remark": "Notes:\n\n    - The Reserved Expansion Field is optional. When used to transmit MES, it shall\n      be sent when the targets are represented by Mode 5 Level 2 reports.\n\n    - The information contained in this data item is specific to\n      1090MHz Extended Squitter messages transmitted by military\n      aircraft (Mode 5 Level 2 squitter).\n",
                "spare": false,
                "title": "Military Extended Squitter",
                "variation": {
                    "fspec": null,
                    "items": [
                        {
                            "definition": null,
                            "description": null,
                            "name": "SUM",
                            "remark": "Notes:\n\n    1. The flag M2 refers to the contents of Subfield #6 below, M3, MC refer\n       to the contents of data items I021/070 and I021/145 respectively. The\n       flag M1 refers to the contents of Subfield #3 below (Extended Mode 1\n       Code in Octal Representation).\n\n    2. If a Mode 5 reply/report is received with the Emergency bit set, then\n       the Military Emergency bit (ME) in Data Item I021/200, Target Status,\n       shall be set.\n\n    3. If a Mode 5 reply/report is received with the Identification of Position bit\n       set, then the Special Position Identification bit (SPI) in Data Item\n       I021/200, Target Status, shall be set.\n\n    4. If a Mode 5 report (ID or Data) is received and fullfill the autentication\n       criteria the corresponding authentication bit shall be set.\n",
                            "spare": false,
                            "title": "Mode 5 Summary",
                            "variation": {
                                "items": [
                                    {
                                        "definition": null,
                                        "description": null,
                                        "name": "M5",
                                        "remark": null,
                                        "spare": false,
                                        "title": "",
                                        "variation": {
                                            "rule": {
                                                "content": {
                                                    "type": "Table",
                                                    "values": [
                                                        [
                                                            0,
                                                            "No Mode 5 interrogation"
                                                        ],
                                                        [
                                                            1,
                                                            "Mode 5 interrogation"
                                                        ]
                                                    ]
                                                },
                                                "type": "ContextFree"
                                            },
                                            "size": 1,
                                            "type": "Element"
                                        }
                                    },
                                    {
                                        "definition": null,
                                        "description": null,
                                        "name": "ID",
                                        "remark": null,
                                        "spare": false,
                                        "title": "",
                                        "variation": {
                                            "rule": {
                                                "content": {
                                                    "type": "Table",
                                                    "values": [
                                                        [
                                                            0,
                                                            "No authenticated Mode 5 ID reply/report"
                                                        ],
                                                        [
                                                            1,
                                                            "Authenticated Mode 5 ID reply/report"
                                                        ]
                                                    ]
                                                },
                                                "type": "ContextFree"
                                            },
                                            "size": 1,
                                            "type": "Element"
                                        }
                                    },
                                    {
                                        "definition": null,
                                        "description": null,
                                        "name": "DA",
                                        "remark": null,
                                        "spare": false,
                                        "title": "",
                                        "variation": {
                                            "rule": {
                                                "content": {
                                                    "type": "Table",
                                                    "values": [
                                                        [
                                                            0,
                                                            "No authenticated Mode 5 Data reply or Report"
                                                        ],
                                                        [
                                                            1,
                                                            "Authenticated Mode 5 Data reply or Report (i.e any valid Mode 5 reply type other than ID)"
                                                        ]
                                                    ]
                                                },
                                                "type": "ContextFree"
                                            },
                                            "size": 1,
                                            "type": "Element"
                                        }
                                    },
                                    {
                                        "definition": null,
                                        "description": null,
                                        "name": "M1",
                                        "remark": null,
                                        "spare": false,
                                        "title": "",
                                        "variation": {
                                            "rule": {
                                                "content": {
                                                    "type": "Table",
                                                    "values": [
                                                        [
                                                            0,
                                                            "Mode 1 code not present or not from Mode 5 reply/report"
                                                        ],
                                                        [
                                                            1,
                                                            "Mode 1 code from Mode 5 reply/report"
                                                        ]
                                                    ]
                                                },
                                                "type": "ContextFree"
                                            },
                                            "size": 1,
                                            "type": "Element"
                                        }
                                    },
                                    {
                                        "definition": null,
                                        "description": null,
                                        "name": "M2",
                                        "remark": null,
                                        "spare": false,
                                        "title": "",
                                        "variation": {
                                            "rule": {
                                                "content": {
                                                    "type": "Table",
                                                    "values": [
                                                        [
                                                            0,
                                                            "Mode 2 code not present or not from Mode 5 reply/report"
                                                        ],
                                                        [
                                                            1,
                                                            "Mode 2 code from Mode 5 reply/report"
                                                        ]
                                                    ]
                                                },
                                                "type": "ContextFree"
                                            },
                                            "size": 1,
                                            "type": "Element"
                                        }
                                    },
                                    {
                                        "definition": null,
                                        "description": null,
                                        "name": "M3",
                                        "remark": null,
                                        "spare": false,
                                        "title": "",
                                        "variation": {
                                            "rule": {
                                                "content": {
                                                    "type": "Table",
                                                    "values": [
                                                        [
                                                            0,
                                                            "Mode 3 code not present or not from Mode 5 reply/report"
                                                        ],
                                                        [
                                                            1,
                                                            "Mode 3 code from Mode 5 reply/report"
                                                        ]
                                                    ]
                                                },
                                                "type": "ContextFree"
                                            },
                                            "size": 1,
                                            "type": "Element"
                                        }
                                    },
                                    {
                                        "definition": null,
                                        "description": null,
                                        "name": "MC",
                                        "remark": null,
                                        "spare": false,
                                        "title": "",
                                        "variation": {
                                            "rule": {
                                                "content": {
                                                    "type": "Table",
                                                    "values": [
                                                        [
                                                            0,
                                                            "Flightlevel not present or not from Mode 5 reply/report"
                                                        ],
                                                        [
                                                            1,
                                                            "Flightlevel from Mode 5 reply/report"
                                                        ]
                                                    ]
                                                },
                                                "type": "ContextFree"
                                            },
                                            "size": 1,
                                            "type": "Element"
                                        }
                                    },
                                    {
                                        "definition": null,
                                        "description": null,
                                        "name": "PO",
                                        "remark": null,
                                        "spare": false,
                                        "title": "",
                                        "variation": {
                                            "rule": {
                                                "content": {
                                                    "type": "Table",
                                                    "values": [
                                                        [
                                                            0,
                                                            "Position not from Mode 5 report (ADS-B report)"
                                                        ],
                                                        [
                                                            1,
                                                            "Position from Mode 5 report"
                                                        ]
                                                    ]
                                                },
                                                "type": "ContextFree"
                                            },
                                            "size": 1,
                                            "type": "Element"
                                        }
                                    }
                                ],
                                "type": "Group"
                            }
                        },
                        {
                            "definition": null,
                            "description": null,
                            "name": "PNO",
                            "remark": null,
                            "spare": false,
                            "title": "Mode 5 PIN / National Origin",
                            "variation": {
                                "items": [
                                    {
                                        "length": 2,
                                        "spare": true
                                    },
                                    {
                                        "definition": null,
                                        "description": null,
                                        "name": "PIN",
                                        "remark": null,
                                        "spare": false,
                                        "title": "PIN Code",
                                        "variation": {
                                            "rule": {
                                                "content": {
                                                    "type": "Raw"
                                                },
                                                "type": "ContextFree"
                                            },
                                            "size": 14,
                                            "type": "Element"
                                        }
                                    },
                                    {
                                        "length": 5,
                                        "spare": true
                                    },
                                    {
                                        "definition": null,
                                        "description": null,
                                        "name": "NO",
                                        "remark": null,
                                        "spare": false,
                                        "title": "National Origin Code",
                                        "variation": {
                                            "rule": {
                                                "content": {
                                                    "type": "Raw"
                                                },
                                                "type": "ContextFree"
                                            },
                                            "size": 11,
                                            "type": "Element"
                                        }
                                    }
                                ],
                                "type": "Group"
                            }
                        },
                        {
                            "definition": null,
                            "description": null,
                            "name": "EM1",
                            "remark": "Notes:\n\n    - Subfield #1 is present, the M1 bit in Subfield #1 indicates whether the\n      Extended Mode 1 Code is from a Mode 5 reply or a Mode 1 reply. If\n      Subfield #1 is not present, the Extended Mode 1 Code is from a Mode\n      1 reply.\n\n    - If Subfield #3 is not present the Mode 1 Code was not reported or all\n      Code Bits were equal to 0.\n\n    - The valid bit is set if the Code was only reported once for that target.\n",
                            "spare": false,
                            "title": "Extended Mode 1 Code in Octal Representation",
                            "variation": {
                                "items": [
                                    {
                                        "definition": null,
                                        "description": null,
                                        "name": "V",
                                        "remark": null,
                                        "spare": false,
                                        "title": "",
                                        "variation": {
                                            "rule": {
                                                "content": {
                                                    "type": "Table",
                                                    "values": [
                                                        [
                                                            0,
                                                            "Code validated"
                                                        ],
                                                        [
                                                            1,
                                                            "Code not validated"
                                                        ]
                                                    ]
                                                },
                                                "type": "ContextFree"
                                            },
                                            "size": 1,
                                            "type": "Element"
                                        }
                                    },
                                    {
                                        "length": 1,
                                        "spare": true
                                    },
                                    {
                                        "definition": null,
                                        "description": null,
                                        "name": "L",
                                        "remark": null,
                                        "spare": false,
                                        "title": "",
                                        "variation": {
                                            "rule": {
                                                "content": {
                                                    "type": "Table",
                                                    "values": [
                                                        [
                                                            0,
                                                            "Mode 1 code as derived from the report of the transponder"
                                                        ],
                                                        [
                                                            1,
                                                            "Smoothed Mode 1 code as provided by a local tracker"
                                                        ]
                                                    ]
                                                },
                                                "type": "ContextFree"
                                            },
                                            "size": 1,
                                            "type": "Element"
                                        }
                                    },
                                    {
                                        "length": 1,
                                        "spare": true
                                    },
                                    {
                                        "definition": null,
                                        "description": null,
                                        "name": "EM1",
                                        "remark": null,
                                        "spare": false,
                                        "title": "Extended Mode 1 Code in Octal Representation",
                                        "variation": {
                                            "rule": {
                                                "content": {
                                                    "type": "String",
                                                    "variation": "StringOctal"
                                                },
                                                "type": "ContextFree"
                                            },
                                            "size": 12,
                                            "type": "Element"
                                        }
                                    }
                                ],
                                "type": "Group"
                            }
                        },
                        {
                            "definition": null,
                            "description": null,
                            "name": "XP",
                            "remark": "Within Mode 5 reports, the X-Pulse can be set for the following cases:\n\n1. In a combined Mode 1 and Mode 2 report: in this case the X5 bit and the X2 bit\nshall be set;\n\n2. In a combined Mode 3 and Mode C report: in this case the X5 bit and the X3\nbit shall be set;\n\n3. In a Mode 5 PIN data report: in this case the X5 bit and the XP bit shall be set.\nThe X1 bit and the XC bit are meaningless as in Mode 1 and Mode C\nreplies/reports the X Pulse is not defined. They are kept for compatibility\nreasons.\n",
                            "spare": false,
                            "title": "X Pulse Presence",
                            "variation": {
                                "items": [
                                    {
                                        "length": 2,
                                        "spare": true
                                    },
                                    {
                                        "definition": null,
                                        "description": null,
                                        "name": "XP",
                                        "remark": null,
                                        "spare": false,
                                        "title": "X-pulse from Mode 5 PIN Reply/report",
                                        "variation": {
                                            "rule": {
                                                "content": {
                                                    "type": "Table",
                                                    "values": [
                                                        [
                                                            0,
                                                            "X-Pulse not present"
                                                        ],
                                                        [
                                                            1,
                                                            "X-pulse present"
                                                        ]
                                                    ]
                                                },
                                                "type": "ContextFree"
                                            },
                                            "size": 1,
                                            "type": "Element"
                                        }
                                    },
                                    {
                                        "definition": null,
                                        "description": null,
                                        "name": "X5",
                                        "remark": null,
                                        "spare": false,
                                        "title": "X-pulse from Mode 5 Data Reply or Report",
                                        "variation": {
                                            "rule": {
                                                "content": {
                                                    "type": "Table",
                                                    "values": [
                                                        [
                                                            0,
                                                            "X-pulse set to zero or no authenticated Data reply or Report received"
                                                        ],
                                                        [
                                                            1,
                                                            "X-pulse set to one (present)"
                                                        ]
                                                    ]
                                                },
                                                "type": "ContextFree"
                                            },
                                            "size": 1,
                                            "type": "Element"
                                        }
                                    },
                                    {
                                        "definition": null,
                                        "description": null,
                                        "name": "XC",
                                        "remark": null,
                                        "spare": false,
                                        "title": "X-pulse from Mode C Reply",
                                        "variation": {
                                            "rule": {
                                                "content": {
                                                    "type": "Table",
                                                    "values": [
                                                        [
                                                            0,
                                                            "X-pulse set to zero or no Mode C reply"
                                                        ],
                                                        [
                                                            1,
                                                            "X-pulse set to one (present)"
                                                        ]
                                                    ]
                                                },
                                                "type": "ContextFree"
                                            },
                                            "size": 1,
                                            "type": "Element"
                                        }
                                    },
                                    {
                                        "definition": null,
                                        "description": null,
                                        "name": "X3",
                                        "remark": null,
                                        "spare": false,
                                        "title": "X-pulse from Mode 3/A Reply",
                                        "variation": {
                                            "rule": {
                                                "content": {
                                                    "type": "Table",
                                                    "values": [
                                                        [
                                                            0,
                                                            "X-pulse set to zero or no Mode 3/A reply"
                                                        ],
                                                        [
                                                            1,
                                                            "X-pulse set to one (present)"
                                                        ]
                                                    ]
                                                },
                                                "type": "ContextFree"
                                            },
                                            "size": 1,
                                            "type": "Element"
                                        }
                                    },
                                    {
                                        "definition": null,
                                        "description": null,
                                        "name": "X2",
                                        "remark": null,
                                        "spare": false,
                                        "title": "X-pulse from Mode 2 Reply",
                                        "variation": {
                                            "rule": {
                                                "content": {
                                                    "type": "Table",
                                                    "values": [
                                                        [
                                                            0,
                                                            "0 X-pulse set to zero or no Mode 2 reply"
                                                        ],
                                                        [
                                                            1,
                                                            "X-pulse set to one (present)"
                                                        ]
                                                    ]
                                                },
                                                "type": "ContextFree"
                                            },
                                            "size": 1,
                                            "type": "Element"
                                        }
                                    },
                                    {
                                        "definition": null,
                                        "description": null,
                                        "name": "X1",
                                        "remark": null,
                                        "spare": false,
                                        "title": "X-pulse from Mode 1 Reply",
                                        "variation": {
                                            "rule": {
                                                "content": {
                                                    "type": "Table",
                                                    "values": [
                                                        [
                                                            0,
                                                            "X-pulse set to zero or no Mode 1 reply"
                                                        ],
                                                        [
                                                            1,
                                                            "X-pulse set to one (present)"
                                                        ]
                                                    ]
                                                },
                                                "type": "ContextFree"
                                            },
                                            "size": 1,
                                            "type": "Element"
                                        }
                                    }
                                ],
                                "type": "Group"
                            }
                        },
                        {
                            "definition": null,
                            "description": null,
                            "name": "FOM",
                            "remark": null,
                            "spare": false,
                            "title": "Figure of Merit",
                            "variation": {
                                "items": [
                                    {
                                        "length": 3,
                                        "spare": true
                                    },
                                    {
                                        "definition": null,
                                        "description": null,
                                        "name": "FOM",
                                        "remark": null,
                                        "spare": false,
                                        "title": "Figure of Merit",
                                        "variation": {
                                            "rule": {
                                                "content": {
                                                    "type": "Raw"
                                                },
                                                "type": "ContextFree"
                                            },
                                            "size": 5,
                                            "type": "Element"
                                        }
                                    }
                                ],
                                "type": "Group"
                            }
                        },
                        {
                            "definition": null,
                            "description": null,
                            "name": "M2",
                            "remark": "If Subfield 6 is not present the Mode 2 Code was no reported or all\nCode Bits were equal to 0.\n",
                            "spare": false,
                            "title": "Mode 2 Code in Octal Representation",
                            "variation": {
                                "items": [
                                    {
                                        "definition": null,
                                        "description": null,
                                        "name": "V",
                                        "remark": null,
                                        "spare": false,
                                        "title": "",
                                        "variation": {
                                            "rule": {
                                                "content": {
                                                    "type": "Table",
                                                    "values": [
                                                        [
                                                            0,
                                                            "Code validated"
                                                        ],
                                                        [
                                                            1,
                                                            "Code not validated"
                                                        ]
                                                    ]
                                                },
                                                "type": "ContextFree"
                                            },
                                            "size": 1,
                                            "type": "Element"
                                        }
                                    },
                                    {
                                        "length": 1,
                                        "spare": true
                                    },
                                    {
                                        "definition": null,
                                        "description": null,
                                        "name": "L",
                                        "remark": null,
                                        "spare": false,
                                        "title": "",
                                        "variation": {
                                            "rule": {
                                                "content": {
                                                    "type": "Table",
                                                    "values": [
                                                        [
                                                            0,
                                                            "Mode-2 code as derived from the reply of the transponder"
                                                        ],
                                                        [
                                                            1,
                                                            "Smoothed Mode-2 code as provided by a local tracker"
                                                        ]
                                                    ]
                                                },
                                                "type": "ContextFree"
                                            },
                                            "size": 1,
                                            "type": "Element"
                                        }
                                    },
                                    {
                                        "length": 1,
                                        "spare": true
                                    },
                                    {
                                        "definition": null,
                                        "description": null,
                                        "name": "MODE2",
                                        "remark": null,
                                        "spare": false,
                                        "title": "Mode 2 Code in Octal Representation",
                                        "variation": {
                                            "rule": {
                                                "content": {
                                                    "type": "String",
                                                    "variation": "StringOctal"
                                                },
                                                "type": "ContextFree"
                                            },
                                            "size": 12,
                                            "type": "Element"
                                        }
                                    }
                                ],
                                "type": "Group"
                            }
                        }
                    ],
                    "type": "Compound"
                }
            }
        ],
        "type": "Compound"
    }
}