{
    "catalogue": [
        {
            "definition": "This data item conveys the message type.\n",
            "description": null,
            "name": "000",
            "remark": null,
            "spare": false,
            "title": "Message Type",
            "variation": {
                "rule": {
                    "content": {
                        "type": "Table",
                        "values": [
                            [
                                1,
                                "System Configuration"
                            ],
                            [
                                2,
                                "Transmitter / Receiver Configuration"
                            ]
                        ]
                    },
                    "type": "ContextFree"
                },
                "size": 8,
                "type": "Element"
            }
        },
        {
            "definition": "Identification of the Ground System from which the data is received.\n",
            "description": null,
            "name": "010",
            "remark": "NOTE - The up-to-date list of SACs is published on the EUROCONTROL\nWeb Site (http://www.eurocontrol.int/asterix).\n\nNOTE - The SICs are allocated by the national authority responsible\nfor the surveillance infrastructure.\n",
            "spare": false,
            "title": "Data Source Identifier",
            "variation": {
                "items": [
                    {
                        "definition": null,
                        "description": null,
                        "name": "SAC",
                        "remark": null,
                        "spare": false,
                        "title": "System Area Code",
                        "variation": {
                            "rule": {
                                "content": {
                                    "type": "Raw"
                                },
                                "type": "ContextFree"
                            },
                            "size": 8,
                            "type": "Element"
                        }
                    },
                    {
                        "definition": null,
                        "description": null,
                        "name": "SIC",
                        "remark": null,
                        "spare": false,
                        "title": "System Identification Code",
                        "variation": {
                            "rule": {
                                "content": {
                                    "type": "Raw"
                                },
                                "type": "ContextFree"
                            },
                            "size": 8,
                            "type": "Element"
                        }
                    }
                ],
                "type": "Group"
            }
        },
        {
            "definition": "Identifies the service being reported.\n",
            "description": null,
            "name": "015",
            "remark": "NOTE - The service identification is allocated by the system.\n",
            "spare": false,
            "title": "Service Identification",
            "variation": {
                "rule": {
                    "content": {
                        "type": "Raw"
                    },
                    "type": "ContextFree"
                },
                "size": 8,
                "type": "Element"
            }
        },
        {
            "definition": "Absolute time stamping expressed as UTC time.\n",
            "description": null,
            "name": "140",
            "remark": "NOTE - The time of day value is reset to zero each day at midnight.\n",
            "spare": false,
            "title": "Time of Day",
            "variation": {
                "rule": {
                    "content": {
                        "constraints": [],
                        "fractionalBits": 7,
                        "scaling": {
                            "type": "Integer",
                            "value": 1
                        },
                        "signed": false,
                        "type": "Quantity",
                        "unit": "s"
                    },
                    "type": "ContextFree"
                },
                "size": 24,
                "type": "Element"
            }
        },
        {
            "definition": "Data item to indicate the reporting period of the system\nconfiguration messages.\n",
            "description": null,
            "name": "200",
            "remark": "NOTE - The item will be sent periodically (every SCRP) and each\ntime a value change occurs.\n",
            "spare": false,
            "title": "System Configuration Reporting Period",
            "variation": {
                "rule": {
                    "content": {
                        "constraints": [
                            {
                                "type": ">",
                                "value": {
                                    "type": "Integer",
                                    "value": 1
                                }
                            }
                        ],
                        "fractionalBits": 0,
                        "scaling": {
                            "type": "Integer",
                            "value": 1
                        },
                        "signed": false,
                        "type": "Quantity",
                        "unit": "s"
                    },
                    "type": "ContextFree"
                },
                "size": 8,
                "type": "Element"
            }
        },
        {
            "definition": "The use of a pair identifier in this data item, that is common\nwith its counterpart in ASTERIX Category I015/400, enables direct\nmapping from the INCS Target Report to the Transmitter/Receiver\nPair that contributed to the target report.\nThis is an identifier pointing to a measurement that was created\nfrom a specific contributing pair where the Pair Identifier refers\nto the index that details both the transmitter characteristics\n(DVB-T, DAB, FM, dedicated etc) and the receiver characteristics.\n",
            "description": null,
            "name": "300",
            "remark": null,
            "spare": false,
            "title": "Pair Identification",
            "variation": {
                "rep": {
                    "size": 8,
                    "type": "Regular"
                },
                "type": "Repetitive",
                "variation": {
                    "items": [
                        {
                            "definition": null,
                            "description": null,
                            "name": "PID",
                            "remark": null,
                            "spare": false,
                            "title": "Pair Identification",
                            "variation": {
                                "rule": {
                                    "content": {
                                        "type": "Raw"
                                    },
                                    "type": "ContextFree"
                                },
                                "size": 16,
                                "type": "Element"
                            }
                        },
                        {
                            "definition": null,
                            "description": null,
                            "name": "TID",
                            "remark": null,
                            "spare": false,
                            "title": "Transmitter Identification",
                            "variation": {
                                "rule": {
                                    "content": {
                                        "type": "Raw"
                                    },
                                    "type": "ContextFree"
                                },
                                "size": 16,
                                "type": "Element"
                            }
                        },
                        {
                            "definition": null,
                            "description": null,
                            "name": "RID",
                            "remark": null,
                            "spare": false,
                            "title": "Receiver Identification",
                            "variation": {
                                "rule": {
                                    "content": {
                                        "type": "Raw"
                                    },
                                    "type": "ContextFree"
                                },
                                "size": 16,
                                "type": "Element"
                            }
                        }
                    ],
                    "type": "Group"
                }
            }
        },
        {
            "definition": "Position of the system reference point in WGS-84 coordinates.\n",
            "description": null,
            "name": "400",
            "remark": "NOTE - Positive longitude indicates East. Positive latitude\nindicates North.\n\nNOTE - I016/400 shall only be sent together with item I016/405\n“Height of the System Reference Point”.\n",
            "spare": false,
            "title": "Position of the System Reference Point",
            "variation": {
                "items": [
                    {
                        "definition": null,
                        "description": null,
                        "name": "LAT",
                        "remark": null,
                        "spare": false,
                        "title": "Latitude",
                        "variation": {
                            "rule": {
                                "content": {
                                    "constraints": [
                                        {
                                            "type": ">=",
                                            "value": {
                                                "type": "Integer",
                                                "value": -90
                                            }
                                        },
                                        {
                                            "type": "<=",
                                            "value": {
                                                "type": "Integer",
                                                "value": 90
                                            }
                                        }
                                    ],
                                    "fractionalBits": 31,
                                    "scaling": {
                                        "type": "Integer",
                                        "value": 180
                                    },
                                    "signed": true,
                                    "type": "Quantity",
                                    "unit": "°"
                                },
                                "type": "ContextFree"
                            },
                            "size": 32,
                            "type": "Element"
                        }
                    },
                    {
                        "definition": null,
                        "description": null,
                        "name": "LON",
                        "remark": null,
                        "spare": false,
                        "title": "Longitude",
                        "variation": {
                            "rule": {
                                "content": {
                                    "constraints": [
                                        {
                                            "type": ">=",
                                            "value": {
                                                "type": "Integer",
                                                "value": -180
                                            }
                                        },
                                        {
                                            "type": "<",
                                            "value": {
                                                "type": "Integer",
                                                "value": 180
                                            }
                                        }
                                    ],
                                    "fractionalBits": 31,
                                    "scaling": {
                                        "type": "Integer",
                                        "value": 180
                                    },
                                    "signed": true,
                                    "type": "Quantity",
                                    "unit": "°"
                                },
                                "type": "ContextFree"
                            },
                            "size": 32,
                            "type": "Element"
                        }
                    }
                ],
                "type": "Group"
            }
        },
        {
            "definition": "Height of the system reference point in Two’s Complement form.\nThe height shall use mean sea level as the zero reference level.\n",
            "description": null,
            "name": "405",
            "remark": "NOTE - I016/405 shall only be sent together with item I016/400\n“Position of the System Reference Point”.\n",
            "spare": false,
            "title": "Height of System Reference Point",
            "variation": {
                "rule": {
                    "content": {
                        "constraints": [
                            {
                                "type": ">",
                                "value": {
                                    "type": "Integer",
                                    "value": -8192
                                }
                            },
                            {
                                "type": "<",
                                "value": {
                                    "type": "Integer",
                                    "value": 8192
                                }
                            }
                        ],
                        "fractionalBits": 2,
                        "scaling": {
                            "type": "Integer",
                            "value": 1
                        },
                        "signed": true,
                        "type": "Quantity",
                        "unit": "m"
                    },
                    "type": "ContextFree"
                },
                "size": 16,
                "type": "Element"
            }
        },
        {
            "definition": "This item provides properties of a transmitter component.\n",
            "description": null,
            "name": "410",
            "remark": "NOTE - Regarding Transmitter Identification:\n    a. Individual channels of a transmitter are considered as\n    separate collocated transmitters.\n\n    b. A Transmitter ID may be assigned to individual channels\n    of a compound transmitter. i.e. a single multi-channel\n    transmitter may be assigned several Tx ID.\n\n    c. The Tx ID shall be used in a unique way for a specific\n    SAC/SIC.\n\nNOTE - Regarding Transmitter Latitude and Longitude and Altitude:\n    a. The Tx Location and Altitude is the position of the\n    component in WGS-84 coordinates. The vertical distance between\n    the component and the projection of its position on the earth’s\n    ellipsoid, as defined by WGS-84, in two’s complement form.\n\nNOTE - Regarding Transmission Time Offset\n    a. Time offset of transmitter compared to the reference\n    transmitter within the single frequency network (SFN).\n\nNOTE - Regarding Accuracy of Transmission Time Offset\n    a. The Accuracy of the Transmission Time Offset is the Standard\n    Deviation of the measurement of the transmission time offset\n    between the transmitter channel compared to the reference\n    transmitter within the single frequency network (SFN).\n\nNOTE - Regarding Parallel Transmitter Index\n    a. The Parallel Transmitter Index is the identification of the\n    transmitter via index, which is sent in parallel.\n\n    b. For referring to a one-octet index bits-16/9 shall be set\n    to zero.\n\n    c. This index shall be used in a unique way for a specific\n    SAC/SIC.\n\n    d. In a Single Frequency Network the parallel transmitter\n    index is the index of the reference transmitter.\n",
            "spare": false,
            "title": "Transmitter Properties",
            "variation": {
                "rep": {
                    "size": 8,
                    "type": "Regular"
                },
                "type": "Repetitive",
                "variation": {
                    "items": [
                        {
                            "definition": null,
                            "description": null,
                            "name": "TID",
                            "remark": null,
                            "spare": false,
                            "title": "Transmitter ID",
                            "variation": {
                                "rule": {
                                    "content": {
                                        "type": "Raw"
                                    },
                                    "type": "ContextFree"
                                },
                                "size": 16,
                                "type": "Element"
                            }
                        },
                        {
                            "definition": null,
                            "description": null,
                            "name": "LAT",
                            "remark": null,
                            "spare": false,
                            "title": "Latitude",
                            "variation": {
                                "rule": {
                                    "content": {
                                        "constraints": [
                                            {
                                                "type": ">=",
                                                "value": {
                                                    "type": "Integer",
                                                    "value": -90
                                                }
                                            },
                                            {
                                                "type": "<=",
                                                "value": {
                                                    "type": "Integer",
                                                    "value": 90
                                                }
                                            }
                                        ],
                                        "fractionalBits": 31,
                                        "scaling": {
                                            "type": "Integer",
                                            "value": 180
                                        },
                                        "signed": true,
                                        "type": "Quantity",
                                        "unit": "°"
                                    },
                                    "type": "ContextFree"
                                },
                                "size": 32,
                                "type": "Element"
                            }
                        },
                        {
                            "definition": null,
                            "description": null,
                            "name": "LON",
                            "remark": null,
                            "spare": false,
                            "title": "Longitude",
                            "variation": {
                                "rule": {
                                    "content": {
                                        "constraints": [
                                            {
                                                "type": ">=",
                                                "value": {
                                                    "type": "Integer",
                                                    "value": -180
                                                }
                                            },
                                            {
                                                "type": "<",
                                                "value": {
                                                    "type": "Integer",
                                                    "value": 180
                                                }
                                            }
                                        ],
                                        "fractionalBits": 31,
                                        "scaling": {
                                            "type": "Integer",
                                            "value": 180
                                        },
                                        "signed": true,
                                        "type": "Quantity",
                                        "unit": "°"
                                    },
                                    "type": "ContextFree"
                                },
                                "size": 32,
                                "type": "Element"
                            }
                        },
                        {
                            "definition": null,
                            "description": null,
                            "name": "ALT",
                            "remark": null,
                            "spare": false,
                            "title": "Altitude",
                            "variation": {
                                "rule": {
                                    "content": {
                                        "constraints": [
                                            {
                                                "type": ">",
                                                "value": {
                                                    "type": "Integer",
                                                    "value": -8192
                                                }
                                            },
                                            {
                                                "type": "<",
                                                "value": {
                                                    "type": "Integer",
                                                    "value": 8192
                                                }
                                            }
                                        ],
                                        "fractionalBits": 2,
                                        "scaling": {
                                            "type": "Integer",
                                            "value": 1
                                        },
                                        "signed": true,
                                        "type": "Quantity",
                                        "unit": "m"
                                    },
                                    "type": "ContextFree"
                                },
                                "size": 16,
                                "type": "Element"
                            }
                        },
                        {
                            "definition": null,
                            "description": null,
                            "name": "TTO",
                            "remark": null,
                            "spare": false,
                            "title": "Transmission Time Offset",
                            "variation": {
                                "rule": {
                                    "content": {
                                        "constraints": [],
                                        "fractionalBits": 0,
                                        "scaling": {
                                            "type": "Integer",
                                            "value": 2
                                        },
                                        "signed": true,
                                        "type": "Quantity",
                                        "unit": "ns"
                                    },
                                    "type": "ContextFree"
                                },
                                "size": 32,
                                "type": "Element"
                            }
                        },
                        {
                            "length": 4,
                            "spare": true
                        },
                        {
                            "definition": null,
                            "description": null,
                            "name": "ATO",
                            "remark": null,
                            "spare": false,
                            "title": "Accuracy of Transmission Time Offset",
                            "variation": {
                                "rule": {
                                    "content": {
                                        "constraints": [],
                                        "fractionalBits": 0,
                                        "scaling": {
                                            "type": "Integer",
                                            "value": 1
                                        },
                                        "signed": false,
                                        "type": "Quantity",
                                        "unit": "ns"
                                    },
                                    "type": "ContextFree"
                                },
                                "size": 20,
                                "type": "Element"
                            }
                        },
                        {
                            "definition": null,
                            "description": null,
                            "name": "PCI",
                            "remark": null,
                            "spare": false,
                            "title": "Parallel Transmitter Index",
                            "variation": {
                                "rule": {
                                    "content": {
                                        "constraints": [],
                                        "signed": false,
                                        "type": "Integer"
                                    },
                                    "type": "ContextFree"
                                },
                                "size": 16,
                                "type": "Element"
                            }
                        }
                    ],
                    "type": "Group"
                }
            }
        },
        {
            "definition": "This item provides properties of the receiver component.\n",
            "description": null,
            "name": "420",
            "remark": "NOTE - Regarding the Receiver Identification\n    a. The Rx ID shall be used in a unique way for a specific\n    SAC/SIC.\n\nNOTE - Regarding the Receiver Location and Altitude (WGS-84)\n    a. The Rx Location and Altitude is the of the component\n    in WGS-84 coordinates. The vertical distance between the\n    component and the projection of its position on the earth’s\n    ellipsoid, as defined by WGS-84, in two’s complement form.\n",
            "spare": false,
            "title": "Receiver Properties",
            "variation": {
                "rep": {
                    "size": 8,
                    "type": "Regular"
                },
                "type": "Repetitive",
                "variation": {
                    "items": [
                        {
                            "definition": null,
                            "description": null,
                            "name": "RID",
                            "remark": null,
                            "spare": false,
                            "title": "Receiver Component ID",
                            "variation": {
                                "rule": {
                                    "content": {
                                        "type": "Raw"
                                    },
                                    "type": "ContextFree"
                                },
                                "size": 16,
                                "type": "Element"
                            }
                        },
                        {
                            "definition": null,
                            "description": null,
                            "name": "LAT",
                            "remark": null,
                            "spare": false,
                            "title": "Latitude",
                            "variation": {
                                "rule": {
                                    "content": {
                                        "constraints": [
                                            {
                                                "type": ">=",
                                                "value": {
                                                    "type": "Integer",
                                                    "value": -90
                                                }
                                            },
                                            {
                                                "type": "<=",
                                                "value": {
                                                    "type": "Integer",
                                                    "value": 90
                                                }
                                            }
                                        ],
                                        "fractionalBits": 31,
                                        "scaling": {
                                            "type": "Integer",
                                            "value": 180
                                        },
                                        "signed": true,
                                        "type": "Quantity",
                                        "unit": "°"
                                    },
                                    "type": "ContextFree"
                                },
                                "size": 32,
                                "type": "Element"
                            }
                        },
                        {
                            "definition": null,
                            "description": null,
                            "name": "LON",
                            "remark": null,
                            "spare": false,
                            "title": "Longitude",
                            "variation": {
                                "rule": {
                                    "content": {
                                        "constraints": [
                                            {
                                                "type": ">=",
                                                "value": {
                                                    "type": "Integer",
                                                    "value": -180
                                                }
                                            },
                                            {
                                                "type": "<",
                                                "value": {
                                                    "type": "Integer",
                                                    "value": 180
                                                }
                                            }
                                        ],
                                        "fractionalBits": 31,
                                        "scaling": {
                                            "type": "Integer",
                                            "value": 180
                                        },
                                        "signed": true,
                                        "type": "Quantity",
                                        "unit": "°"
                                    },
                                    "type": "ContextFree"
                                },
                                "size": 32,
                                "type": "Element"
                            }
                        },
                        {
                            "definition": null,
                            "description": null,
                            "name": "ALT",
                            "remark": null,
                            "spare": false,
                            "title": "Altitude",
                            "variation": {
                                "rule": {
                                    "content": {
                                        "constraints": [
                                            {
                                                "type": ">",
                                                "value": {
                                                    "type": "Integer",
                                                    "value": -8192
                                                }
                                            },
                                            {
                                                "type": "<",
                                                "value": {
                                                    "type": "Integer",
                                                    "value": 8192
                                                }
                                            }
                                        ],
                                        "fractionalBits": 2,
                                        "scaling": {
                                            "type": "Integer",
                                            "value": 1
                                        },
                                        "signed": true,
                                        "type": "Quantity",
                                        "unit": "m"
                                    },
                                    "type": "ContextFree"
                                },
                                "size": 16,
                                "type": "Element"
                            }
                        }
                    ],
                    "type": "Group"
                }
            }
        },
        {
            "definition": "Special Purpose Field\n",
            "description": null,
            "name": "SP",
            "remark": null,
            "spare": false,
            "title": "Special Purpose Field",
            "variation": {
                "expl": "SP",
                "type": "Explicit"
            }
        }
    ],
    "date": {
        "day": 15,
        "month": 7,
        "year": 2019
    },
    "edition": {
        "major": 1,
        "minor": 0
    },
    "number": 16,
    "preamble": "Surveillance data exchange.\n",
    "title": "Independent Non-Cooperative Surveillance System Configuration Reports",
    "type": "Basic",
    "uap": {
        "items": [
            "010",
            "015",
            "000",
            "140",
            "200",
            "300",
            "400",
            "405",
            "410",
            "420",
            "SP"
        ],
        "type": "uap"
    }
}