{
    "catalogue": [
        {
            "definition": "This Data Item allows for a more convenient handling of the messages at\nthe receiver side by further defining the type of transaction.\n",
            "description": null,
            "name": "000",
            "remark": "Notes:\n\n    1. In applications where transactions of various types are exchanged,\n       the Message Type Data Item facilitates the proper report handling\n       at the receiver side.\n    2. All Message Type values are reserved for common standard use.\n    3. The list of items present for the two message types is defined in\n       the following table.\n\n    Table: Message Types ::\n\n        Type Item       001         002\n        I240/000        M           M\n        I240/010        M           M\n        I240/020        X           M\n        I240/030        M           X\n        I240/040        X           O(1)\n        I240/041        X           O(1)\n        I240/048        X           M\n        I240/049        X           M\n        I240/050        X           O(2)\n        I240/051        X           O(2)\n        I240/052        X           O(2)\n        I240/140        O           O\n\n    (1) - Either Item I240/040 or I240/041 shall be present in each Video Message\n    (2) - Either Item I240/050 or I240/051 or I240/052 shall be present in each video\n          message\n",
            "spare": false,
            "title": "Message Type",
            "variation": {
                "rule": {
                    "content": {
                        "type": "Table",
                        "values": [
                            [
                                1,
                                "Video Summary message"
                            ],
                            [
                                2,
                                "Video message"
                            ]
                        ]
                    },
                    "type": "ContextFree"
                },
                "size": 8,
                "type": "Element"
            }
        },
        {
            "definition": "Identification of the system from which the data are received.\n",
            "description": null,
            "name": "010",
            "remark": "Note:\n    - The up-to-date list of SACs is published on the EUROCONTROL Web Site\n      (http://www.eurocontrol.int/asterix)\n",
            "spare": false,
            "title": "Data Source Identifier",
            "variation": {
                "items": [
                    {
                        "definition": null,
                        "description": null,
                        "name": "SAC",
                        "remark": null,
                        "spare": false,
                        "title": "System Area Code",
                        "variation": {
                            "rule": {
                                "content": {
                                    "type": "Raw"
                                },
                                "type": "ContextFree"
                            },
                            "size": 8,
                            "type": "Element"
                        }
                    },
                    {
                        "definition": null,
                        "description": null,
                        "name": "SIC",
                        "remark": null,
                        "spare": false,
                        "title": "System Identification Code",
                        "variation": {
                            "rule": {
                                "content": {
                                    "type": "Raw"
                                },
                                "type": "ContextFree"
                            },
                            "size": 8,
                            "type": "Element"
                        }
                    }
                ],
                "type": "Group"
            }
        },
        {
            "definition": "Contains a message sequence identifier.\n",
            "description": null,
            "name": "020",
            "remark": "Note:\n    - The Message Sequence Identifier is used by the receiving application\n      to detect lost messages.\n",
            "spare": false,
            "title": "Video Record Header",
            "variation": {
                "rule": {
                    "content": {
                        "constraints": [],
                        "signed": false,
                        "type": "Integer"
                    },
                    "type": "ContextFree"
                },
                "size": 32,
                "type": "Element"
            }
        },
        {
            "definition": "Contains an ASCII string (free text to define stream meta data).\n",
            "description": null,
            "name": "030",
            "remark": null,
            "spare": false,
            "title": "Video Summary",
            "variation": {
                "rep": {
                    "size": 8,
                    "type": "Regular"
                },
                "type": "Repetitive",
                "variation": {
                    "rule": {
                        "content": {
                            "type": "String",
                            "variation": "StringAscii"
                        },
                        "type": "ContextFree"
                    },
                    "size": 8,
                    "type": "Element"
                }
            }
        },
        {
            "definition": "Defines a group of video cells corresponding to a video radial: all cells\nhave the same size in azimuth and range and are consecutive in range.\n",
            "description": null,
            "name": "040",
            "remark": null,
            "spare": false,
            "title": "Video Header Nano",
            "variation": {
                "items": [
                    {
                        "definition": null,
                        "description": null,
                        "name": "STARTAZ",
                        "remark": null,
                        "spare": false,
                        "title": "Start Azimuth of the Cells Group",
                        "variation": {
                            "rule": {
                                "content": {
                                    "constraints": [
                                        {
                                            "type": ">=",
                                            "value": {
                                                "type": "Integer",
                                                "value": 0
                                            }
                                        },
                                        {
                                            "type": "<",
                                            "value": {
                                                "type": "Integer",
                                                "value": 360
                                            }
                                        }
                                    ],
                                    "fractionalBits": 16,
                                    "scaling": {
                                        "type": "Integer",
                                        "value": 360
                                    },
                                    "signed": false,
                                    "type": "Quantity",
                                    "unit": "°"
                                },
                                "type": "ContextFree"
                            },
                            "size": 16,
                            "type": "Element"
                        }
                    },
                    {
                        "definition": null,
                        "description": null,
                        "name": "ENDAZ",
                        "remark": null,
                        "spare": false,
                        "title": "End Azimuth of the Cells Group",
                        "variation": {
                            "rule": {
                                "content": {
                                    "constraints": [
                                        {
                                            "type": ">=",
                                            "value": {
                                                "type": "Integer",
                                                "value": 0
                                            }
                                        },
                                        {
                                            "type": "<",
                                            "value": {
                                                "type": "Integer",
                                                "value": 360
                                            }
                                        }
                                    ],
                                    "fractionalBits": 16,
                                    "scaling": {
                                        "type": "Integer",
                                        "value": 360
                                    },
                                    "signed": false,
                                    "type": "Quantity",
                                    "unit": "°"
                                },
                                "type": "ContextFree"
                            },
                            "size": 16,
                            "type": "Element"
                        }
                    },
                    {
                        "definition": null,
                        "description": null,
                        "name": "STARTRG",
                        "remark": null,
                        "spare": false,
                        "title": "Starting Range of the Cells Group, Expressed in Number of Cells",
                        "variation": {
                            "rule": {
                                "content": {
                                    "constraints": [],
                                    "signed": false,
                                    "type": "Integer"
                                },
                                "type": "ContextFree"
                            },
                            "size": 32,
                            "type": "Element"
                        }
                    },
                    {
                        "definition": null,
                        "description": null,
                        "name": "CELLDUR",
                        "remark": null,
                        "spare": false,
                        "title": "Video Cell Duration in Nano-seconds",
                        "variation": {
                            "rule": {
                                "content": {
                                    "constraints": [],
                                    "fractionalBits": 0,
                                    "scaling": {
                                        "type": "Integer",
                                        "value": 1
                                    },
                                    "signed": false,
                                    "type": "Quantity",
                                    "unit": "ns"
                                },
                                "type": "ContextFree"
                            },
                            "size": 32,
                            "type": "Element"
                        }
                    }
                ],
                "type": "Group"
            }
        },
        {
            "definition": "Defines a group of video cells corresponding to a video radial: all cells\nhave the same size in azimuth and range and are consecutive in range.\n",
            "description": null,
            "name": "041",
            "remark": null,
            "spare": false,
            "title": "Video Header Femto",
            "variation": {
                "items": [
                    {
                        "definition": null,
                        "description": null,
                        "name": "STARTAZ",
                        "remark": null,
                        "spare": false,
                        "title": "Start Azimuth of the Cells Group",
                        "variation": {
                            "rule": {
                                "content": {
                                    "constraints": [
                                        {
                                            "type": ">=",
                                            "value": {
                                                "type": "Integer",
                                                "value": 0
                                            }
                                        },
                                        {
                                            "type": "<",
                                            "value": {
                                                "type": "Integer",
                                                "value": 360
                                            }
                                        }
                                    ],
                                    "fractionalBits": 16,
                                    "scaling": {
                                        "type": "Integer",
                                        "value": 360
                                    },
                                    "signed": false,
                                    "type": "Quantity",
                                    "unit": "°"
                                },
                                "type": "ContextFree"
                            },
                            "size": 16,
                            "type": "Element"
                        }
                    },
                    {
                        "definition": null,
                        "description": null,
                        "name": "ENDAZ",
                        "remark": null,
                        "spare": false,
                        "title": "End Azimuth of the Cells Group",
                        "variation": {
                            "rule": {
                                "content": {
                                    "constraints": [
                                        {
                                            "type": ">=",
                                            "value": {
                                                "type": "Integer",
                                                "value": 0
                                            }
                                        },
                                        {
                                            "type": "<",
                                            "value": {
                                                "type": "Integer",
                                                "value": 360
                                            }
                                        }
                                    ],
                                    "fractionalBits": 16,
                                    "scaling": {
                                        "type": "Integer",
                                        "value": 360
                                    },
                                    "signed": false,
                                    "type": "Quantity",
                                    "unit": "°"
                                },
                                "type": "ContextFree"
                            },
                            "size": 16,
                            "type": "Element"
                        }
                    },
                    {
                        "definition": null,
                        "description": null,
                        "name": "STARTRG",
                        "remark": null,
                        "spare": false,
                        "title": "Starting Range of the Cells Group, Expressed in Number of Cells",
                        "variation": {
                            "rule": {
                                "content": {
                                    "constraints": [],
                                    "signed": false,
                                    "type": "Integer"
                                },
                                "type": "ContextFree"
                            },
                            "size": 32,
                            "type": "Element"
                        }
                    },
                    {
                        "definition": null,
                        "description": null,
                        "name": "CELLDUR",
                        "remark": null,
                        "spare": false,
                        "title": "Video Cell Duration in Femto-seconds",
                        "variation": {
                            "rule": {
                                "content": {
                                    "constraints": [],
                                    "fractionalBits": 0,
                                    "scaling": {
                                        "type": "Integer",
                                        "value": 1
                                    },
                                    "signed": false,
                                    "type": "Quantity",
                                    "unit": "fs"
                                },
                                "type": "ContextFree"
                            },
                            "size": 32,
                            "type": "Element"
                        }
                    }
                ],
                "type": "Group"
            }
        },
        {
            "definition": "This Data Item defines the bit resolution used in the coding of the video\nsignal amplitude in all cells of the video group as well as an indicator\nwhether data compression has been applied.\n",
            "description": null,
            "name": "048",
            "remark": "Note:\n    - When the Data Compression Indicator (C) is set, shows that a data\n      compression technique has been applied. The actual algorithm used\n      and the related parameters have to be specified in a relevant ICD\n      (Interface Control Document).\n",
            "spare": false,
            "title": "Video Cells Resolution & Data Compression Indicator",
            "variation": {
                "items": [
                    {
                        "definition": null,
                        "description": null,
                        "name": "C",
                        "remark": null,
                        "spare": false,
                        "title": "Data Compression Indicator",
                        "variation": {
                            "rule": {
                                "content": {
                                    "type": "Table",
                                    "values": [
                                        [
                                            0,
                                            "No compression applied"
                                        ],
                                        [
                                            1,
                                            "Compression applied"
                                        ]
                                    ]
                                },
                                "type": "ContextFree"
                            },
                            "size": 1,
                            "type": "Element"
                        }
                    },
                    {
                        "length": 7,
                        "spare": true
                    },
                    {
                        "definition": null,
                        "description": null,
                        "name": "RES",
                        "remark": null,
                        "spare": false,
                        "title": "Bit Resolution",
                        "variation": {
                            "rule": {
                                "content": {
                                    "type": "Table",
                                    "values": [
                                        [
                                            1,
                                            "Monobit Resolution (1 bit)"
                                        ],
                                        [
                                            2,
                                            "Low Resolution (2 bits)"
                                        ],
                                        [
                                            3,
                                            "Medium Resolution (4 bits)"
                                        ],
                                        [
                                            4,
                                            "High Resolution (8 bits)"
                                        ],
                                        [
                                            5,
                                            "Very High Resolution (16 bits)"
                                        ],
                                        [
                                            6,
                                            "Ultra High Resolution (32 bits)"
                                        ]
                                    ]
                                },
                                "type": "ContextFree"
                            },
                            "size": 8,
                            "type": "Element"
                        }
                    }
                ],
                "type": "Group"
            }
        },
        {
            "definition": "This Data Item contains the number of “valid” octets (i.e. nonempty octets)\nused in the coding of the video signal amplitude and the number of “valid”\ncells in the video group.\n",
            "description": null,
            "name": "049",
            "remark": null,
            "spare": false,
            "title": "Video Octets & Video Cells Counters",
            "variation": {
                "items": [
                    {
                        "definition": null,
                        "description": null,
                        "name": "NBVB",
                        "remark": null,
                        "spare": false,
                        "title": "Number of 'valid' Octets",
                        "variation": {
                            "rule": {
                                "content": {
                                    "constraints": [],
                                    "signed": false,
                                    "type": "Integer"
                                },
                                "type": "ContextFree"
                            },
                            "size": 16,
                            "type": "Element"
                        }
                    },
                    {
                        "definition": null,
                        "description": null,
                        "name": "NBCELLS",
                        "remark": null,
                        "spare": false,
                        "title": "Number of 'valid' Cells",
                        "variation": {
                            "rule": {
                                "content": {
                                    "constraints": [],
                                    "signed": false,
                                    "type": "Integer"
                                },
                                "type": "ContextFree"
                            },
                            "size": 24,
                            "type": "Element"
                        }
                    }
                ],
                "type": "Group"
            }
        },
        {
            "definition": "Contains a group of video cells corresponding to a video radial; all cells\nhave the same size in azimuth and range and are consecutive in range. This\nitem shall be used in cases where a low data volume, up to 1020 bytes, will\nbe transmitted.\n",
            "description": null,
            "name": "050",
            "remark": "Notes:\n\n    1. The first cell in the block is always the closest to the sensor and\n       the following cells are in increasing range order.\n    2. To get the range in meters of the cell at position “NU_CELL” in the\n       data stream, the following formula shall be used:\n       D = CELL_DUR(in seconds) * (START_RG + NU_CELL - 1) * c/(2.)\n       where c = 299 792 458 m/s: light celerity.\n",
            "spare": false,
            "title": "Video Block Low Data Volume",
            "variation": {
                "rep": {
                    "size": 8,
                    "type": "Regular"
                },
                "type": "Repetitive",
                "variation": {
                    "rule": {
                        "content": {
                            "type": "Raw"
                        },
                        "type": "ContextFree"
                    },
                    "size": 32,
                    "type": "Element"
                }
            }
        },
        {
            "definition": "Contains a group of video cells corresponding to a video radial; all cells\nhave the same size in azimuth and range and are consecutive in range. This\nitem shall be used in cases where a medium data volume, up to 16320 bytes,\nwill be transmitted.\n",
            "description": null,
            "name": "051",
            "remark": "Notes:\n\n    1. The first cell in the block is always the closest to the sensor and\n       the following cells are in increasing range order.\n    2. To get the range in meters of the cell at position “NU_CELL” in the\n       data stream, the following formula shall be used:\n       D = CELL_DUR(in seconds) * (START_RG + NU_CELL - 1) * c/(2.)\n       where c = 299 792 458 m/s: light celerity.\n",
            "spare": false,
            "title": "Video Block Medium Data Volume",
            "variation": {
                "rep": {
                    "size": 8,
                    "type": "Regular"
                },
                "type": "Repetitive",
                "variation": {
                    "rule": {
                        "content": {
                            "type": "Raw"
                        },
                        "type": "ContextFree"
                    },
                    "size": 512,
                    "type": "Element"
                }
            }
        },
        {
            "definition": "Contains a group of video cells corresponding to a video radial; all cells\nhave the same size in azimuth and range and are consecutive in range. This\nitem shall be used in cases where a high data volume, up to 65024 bytes,\nwill be transmitted.\n",
            "description": null,
            "name": "052",
            "remark": "Notes:\n\n    1. The first cell in the block is always the closest to the sensor and\n       the following cells are in increasing range order.\n    2. The maximum value of REP that should be used is 254, in order to keep\n       the maximum size of the field at 64kbytes.\n    3. To get the range in meters of the cell at position “NU_CELL” in the\n       data stream, the following formula shall be used:\n       D = CELL_DUR(in seconds) * (START_RG + NU_CELL - 1) * c/(2.)\n       where c = 299 792 458 m/s: light celerity.\n",
            "spare": false,
            "title": "Video Block High Data Volume",
            "variation": {
                "rep": {
                    "size": 8,
                    "type": "Regular"
                },
                "type": "Repetitive",
                "variation": {
                    "rule": {
                        "content": {
                            "type": "Raw"
                        },
                        "type": "ContextFree"
                    },
                    "size": 2048,
                    "type": "Element"
                }
            }
        },
        {
            "definition": "Absolute time stamping expressed as UTC.\n",
            "description": null,
            "name": "140",
            "remark": "Note:\n    - The time information, shall reflect the exact time of an event,\n      expressed as a number of 1/128 s elapsed since last midnight.\n",
            "spare": false,
            "title": "Time of Day",
            "variation": {
                "rule": {
                    "content": {
                        "constraints": [],
                        "fractionalBits": 7,
                        "scaling": {
                            "type": "Integer",
                            "value": 1
                        },
                        "signed": false,
                        "type": "Quantity",
                        "unit": "s"
                    },
                    "type": "ContextFree"
                },
                "size": 24,
                "type": "Element"
            }
        },
        {
            "definition": "Expansion\n",
            "description": null,
            "name": "RE",
            "remark": null,
            "spare": false,
            "title": "Reserved Expansion Field",
            "variation": {
                "expl": "RE",
                "type": "Explicit"
            }
        },
        {
            "definition": "Special Purpose Field\n",
            "description": null,
            "name": "SP",
            "remark": null,
            "spare": false,
            "title": "Special Purpose Field",
            "variation": {
                "expl": "SP",
                "type": "Explicit"
            }
        }
    ],
    "date": {
        "day": 13,
        "month": 5,
        "year": 2015
    },
    "edition": {
        "major": 1,
        "minor": 3
    },
    "number": 240,
    "preamble": "Surveillance data exchange.\n",
    "title": "Radar Video Transmission",
    "type": "Basic",
    "uap": {
        "items": [
            "010",
            "000",
            "020",
            "030",
            "040",
            "041",
            "048",
            "049",
            "050",
            "051",
            "052",
            "140",
            "RE",
            "SP"
        ],
        "type": "uap"
    }
}