{
    "catalogue": [
        {
            "definition": "This Data Item allows for a more convenient handling of the messages\nat the receiver side by further defining the type of transaction.\n",
            "description": null,
            "name": "000",
            "remark": null,
            "spare": false,
            "title": "Message Type",
            "variation": {
                "rule": {
                    "content": {
                        "type": "Table",
                        "values": [
                            [
                                1,
                                "Polar vector"
                            ],
                            [
                                2,
                                "Cartesian vector of start point/length"
                            ],
                            [
                                3,
                                "Contour record"
                            ],
                            [
                                4,
                                "Cartesian start point and end point vector"
                            ],
                            [
                                254,
                                "SOP message"
                            ],
                            [
                                255,
                                "EOP message"
                            ]
                        ]
                    },
                    "type": "ContextFree"
                },
                "size": 8,
                "type": "Element"
            }
        },
        {
            "definition": "Identification of the radar station from which the data are received.\n",
            "description": null,
            "name": "010",
            "remark": "Note:\n    The defined SACs are on the EUROCONTROL ASTERIX website\n    (www.eurocontrol.int/asterix)\n",
            "spare": false,
            "title": "Data Source Identifier",
            "variation": {
                "items": [
                    {
                        "definition": null,
                        "description": null,
                        "name": "SAC",
                        "remark": null,
                        "spare": false,
                        "title": "System Area Code",
                        "variation": {
                            "rule": {
                                "content": {
                                    "type": "Raw"
                                },
                                "type": "ContextFree"
                            },
                            "size": 8,
                            "type": "Element"
                        }
                    },
                    {
                        "definition": null,
                        "description": null,
                        "name": "SIC",
                        "remark": null,
                        "spare": false,
                        "title": "System Identification Code",
                        "variation": {
                            "rule": {
                                "content": {
                                    "type": "Raw"
                                },
                                "type": "ContextFree"
                            },
                            "size": 8,
                            "type": "Element"
                        }
                    }
                ],
                "type": "Group"
            }
        },
        {
            "definition": "Precipitation intensity level, shading orientation of the vectors\nrepresenting the precipitation area and coordinate system used.\n",
            "description": null,
            "name": "020",
            "remark": "Note:\n    For polar vectors bits-4/2 are meaningless and are set to zero.\n",
            "spare": false,
            "title": "Vector Qualifier",
            "variation": {
                "items": [
                    {
                        "definition": null,
                        "description": null,
                        "name": "ORG",
                        "remark": null,
                        "spare": false,
                        "title": "",
                        "variation": {
                            "rule": {
                                "content": {
                                    "type": "Table",
                                    "values": [
                                        [
                                            0,
                                            "Local Coordinates"
                                        ],
                                        [
                                            1,
                                            "System Coordinates"
                                        ]
                                    ]
                                },
                                "type": "ContextFree"
                            },
                            "size": 1,
                            "type": "Element"
                        }
                    },
                    {
                        "definition": null,
                        "description": null,
                        "name": "I",
                        "remark": null,
                        "spare": false,
                        "title": "Intensity Level",
                        "variation": {
                            "rule": {
                                "content": {
                                    "constraints": [],
                                    "signed": false,
                                    "type": "Integer"
                                },
                                "type": "ContextFree"
                            },
                            "size": 3,
                            "type": "Element"
                        }
                    },
                    {
                        "definition": null,
                        "description": null,
                        "name": "S",
                        "remark": null,
                        "spare": false,
                        "title": "Shading Orientation with Respect to North",
                        "variation": {
                            "rule": {
                                "content": {
                                    "type": "Table",
                                    "values": [
                                        [
                                            0,
                                            "0°"
                                        ],
                                        [
                                            1,
                                            "22.5°"
                                        ],
                                        [
                                            2,
                                            "45°"
                                        ],
                                        [
                                            3,
                                            "67.5°"
                                        ],
                                        [
                                            4,
                                            "90°"
                                        ],
                                        [
                                            5,
                                            "112.5°"
                                        ],
                                        [
                                            6,
                                            "135°"
                                        ],
                                        [
                                            7,
                                            "157.5°"
                                        ]
                                    ]
                                },
                                "type": "ContextFree"
                            },
                            "size": 3,
                            "type": "Element"
                        }
                    },
                    null,
                    {
                        "length": 5,
                        "spare": true
                    },
                    {
                        "definition": null,
                        "description": null,
                        "name": "TST",
                        "remark": null,
                        "spare": false,
                        "title": "",
                        "variation": {
                            "rule": {
                                "content": {
                                    "type": "Table",
                                    "values": [
                                        [
                                            0,
                                            "Default"
                                        ],
                                        [
                                            1,
                                            "Test vector"
                                        ]
                                    ]
                                },
                                "type": "ContextFree"
                            },
                            "size": 1,
                            "type": "Element"
                        }
                    },
                    {
                        "definition": null,
                        "description": null,
                        "name": "ER",
                        "remark": null,
                        "spare": false,
                        "title": "",
                        "variation": {
                            "rule": {
                                "content": {
                                    "type": "Table",
                                    "values": [
                                        [
                                            0,
                                            "Default"
                                        ],
                                        [
                                            1,
                                            "Error condition encountered"
                                        ]
                                    ]
                                },
                                "type": "ContextFree"
                            },
                            "size": 1,
                            "type": "Element"
                        }
                    },
                    null
                ],
                "type": "Extended"
            }
        },
        {
            "definition": "Sequence of weather vectors in local polar coordinates.\n",
            "description": null,
            "name": "034",
            "remark": "Note:\n    f is a parameter of the SOP message.\n",
            "spare": false,
            "title": "Sequence of Polar Vectors in SPF Notation",
            "variation": {
                "rep": {
                    "size": 8,
                    "type": "Regular"
                },
                "type": "Repetitive",
                "variation": {
                    "items": [
                        {
                            "definition": null,
                            "description": null,
                            "name": "STR",
                            "remark": null,
                            "spare": false,
                            "title": "Start Range",
                            "variation": {
                                "rule": {
                                    "content": {
                                        "type": "Raw"
                                    },
                                    "type": "ContextFree"
                                },
                                "size": 8,
                                "type": "Element"
                            }
                        },
                        {
                            "definition": null,
                            "description": null,
                            "name": "ENDR",
                            "remark": null,
                            "spare": false,
                            "title": "End Range",
                            "variation": {
                                "rule": {
                                    "content": {
                                        "type": "Raw"
                                    },
                                    "type": "ContextFree"
                                },
                                "size": 8,
                                "type": "Element"
                            }
                        },
                        {
                            "definition": null,
                            "description": null,
                            "name": "AZ",
                            "remark": null,
                            "spare": false,
                            "title": "Azimuth",
                            "variation": {
                                "rule": {
                                    "content": {
                                        "constraints": [],
                                        "fractionalBits": 16,
                                        "scaling": {
                                            "type": "Integer",
                                            "value": 360
                                        },
                                        "signed": false,
                                        "type": "Quantity",
                                        "unit": "°"
                                    },
                                    "type": "ContextFree"
                                },
                                "size": 16,
                                "type": "Element"
                            }
                        }
                    ],
                    "type": "Group"
                }
            }
        },
        {
            "definition": "Sequence of weather vectors, in the representation start point/length,\nin local or in system cartesian coordinates.\n",
            "description": null,
            "name": "036",
            "remark": "Note:\n    1. LSB of [X, Y, L] is calculated as :math:`2^{-6+F}`.\n    2. F is a parameter of the SOP message.\n    3. Negative values are expressed in 2's complement form, bit-24\n       and bit-16 are set to 0 for positive values and 1 for negative\n       values.\n",
            "spare": false,
            "title": "Sequence of Cartesian Vectors in SPF Notation",
            "variation": {
                "rep": {
                    "size": 8,
                    "type": "Regular"
                },
                "type": "Repetitive",
                "variation": {
                    "items": [
                        {
                            "definition": null,
                            "description": null,
                            "name": "X",
                            "remark": null,
                            "spare": false,
                            "title": "X-Component",
                            "variation": {
                                "rule": {
                                    "content": {
                                        "type": "Raw"
                                    },
                                    "type": "ContextFree"
                                },
                                "size": 8,
                                "type": "Element"
                            }
                        },
                        {
                            "definition": null,
                            "description": null,
                            "name": "Y",
                            "remark": null,
                            "spare": false,
                            "title": "Y-Component",
                            "variation": {
                                "rule": {
                                    "content": {
                                        "type": "Raw"
                                    },
                                    "type": "ContextFree"
                                },
                                "size": 8,
                                "type": "Element"
                            }
                        },
                        {
                            "definition": null,
                            "description": null,
                            "name": "LENGTH",
                            "remark": null,
                            "spare": false,
                            "title": "Length",
                            "variation": {
                                "rule": {
                                    "content": {
                                        "type": "Raw"
                                    },
                                    "type": "ContextFree"
                                },
                                "size": 8,
                                "type": "Element"
                            }
                        }
                    ],
                    "type": "Group"
                }
            }
        },
        {
            "definition": "Sequence of weather vectors, in the representation start point/ end\npoint, in local or in system cartesian coordinates.\n",
            "description": null,
            "name": "038",
            "remark": "Note:\n    1. LSB of [X1, Y1, X2, Y2] is calculated as :math:`2^{-6+f}`.\n    2. f is a parameter of the SOP message.\n    3. Negative values are expressed in 2's complement form, bits-32,\n       24, 16 and 8 are set to 0 for positive values and 1 for negative\n       values.\n",
            "spare": false,
            "title": "Sequence of Weather Vectors in SPF Notation",
            "variation": {
                "rep": {
                    "size": 8,
                    "type": "Regular"
                },
                "type": "Repetitive",
                "variation": {
                    "items": [
                        {
                            "definition": null,
                            "description": null,
                            "name": "X1",
                            "remark": null,
                            "spare": false,
                            "title": "X1-Component",
                            "variation": {
                                "rule": {
                                    "content": {
                                        "type": "Raw"
                                    },
                                    "type": "ContextFree"
                                },
                                "size": 8,
                                "type": "Element"
                            }
                        },
                        {
                            "definition": null,
                            "description": null,
                            "name": "Y1",
                            "remark": null,
                            "spare": false,
                            "title": "Y1-Component",
                            "variation": {
                                "rule": {
                                    "content": {
                                        "type": "Raw"
                                    },
                                    "type": "ContextFree"
                                },
                                "size": 8,
                                "type": "Element"
                            }
                        },
                        {
                            "definition": null,
                            "description": null,
                            "name": "X2",
                            "remark": null,
                            "spare": false,
                            "title": "X2-Component",
                            "variation": {
                                "rule": {
                                    "content": {
                                        "type": "Raw"
                                    },
                                    "type": "ContextFree"
                                },
                                "size": 8,
                                "type": "Element"
                            }
                        },
                        {
                            "definition": null,
                            "description": null,
                            "name": "Y2",
                            "remark": null,
                            "spare": false,
                            "title": "Y2-Component",
                            "variation": {
                                "rule": {
                                    "content": {
                                        "type": "Raw"
                                    },
                                    "type": "ContextFree"
                                },
                                "size": 8,
                                "type": "Element"
                            }
                        }
                    ],
                    "type": "Group"
                }
            }
        },
        {
            "definition": "Contour serial number together with the precipitation intensity levels\nand the coordinates system used.\n",
            "description": null,
            "name": "040",
            "remark": "Note:\n    The Contour Serial Number provides an unambiguous identification\n    for each contour record. Within one update cycle, a serial number\n    shall never be assigned twice.\n",
            "spare": false,
            "title": "Contour Identifier",
            "variation": {
                "items": [
                    {
                        "definition": null,
                        "description": null,
                        "name": "ORG",
                        "remark": null,
                        "spare": false,
                        "title": "",
                        "variation": {
                            "rule": {
                                "content": {
                                    "type": "Table",
                                    "values": [
                                        [
                                            0,
                                            "Local Coordinates"
                                        ],
                                        [
                                            1,
                                            "System Coordinates"
                                        ]
                                    ]
                                },
                                "type": "ContextFree"
                            },
                            "size": 1,
                            "type": "Element"
                        }
                    },
                    {
                        "definition": null,
                        "description": null,
                        "name": "I",
                        "remark": null,
                        "spare": false,
                        "title": "Intensity Level",
                        "variation": {
                            "rule": {
                                "content": {
                                    "type": "Raw"
                                },
                                "type": "ContextFree"
                            },
                            "size": 3,
                            "type": "Element"
                        }
                    },
                    {
                        "length": 2,
                        "spare": true
                    },
                    {
                        "definition": null,
                        "description": null,
                        "name": "FSTLST",
                        "remark": null,
                        "spare": false,
                        "title": "",
                        "variation": {
                            "rule": {
                                "content": {
                                    "type": "Table",
                                    "values": [
                                        [
                                            0,
                                            "Intermediate record of a contour"
                                        ],
                                        [
                                            1,
                                            "Last record of a contour of at least two records"
                                        ],
                                        [
                                            2,
                                            "First record of a contour of at least two records"
                                        ],
                                        [
                                            3,
                                            "First and only record, fully defining a contour"
                                        ]
                                    ]
                                },
                                "type": "ContextFree"
                            },
                            "size": 2,
                            "type": "Element"
                        }
                    },
                    {
                        "definition": null,
                        "description": null,
                        "name": "CSN",
                        "remark": null,
                        "spare": false,
                        "title": "Contour Serial Number",
                        "variation": {
                            "rule": {
                                "content": {
                                    "type": "Raw"
                                },
                                "type": "ContextFree"
                            },
                            "size": 8,
                            "type": "Element"
                        }
                    }
                ],
                "type": "Group"
            }
        },
        {
            "definition": "Cartesian coordinates of a variable number of points defining a contour.\n",
            "description": null,
            "name": "050",
            "remark": "Note:\n    1. LSB of [X1, Y1] is calculated as :math:`2^{-6+f}`.\n    2. f is a parameter of the SOP message.\n    3. Negative values are expressed in 2's complement form, bit-16\n       and bit-8 shall be set to 0 for positive values and 1 for\n       negative values.\n",
            "spare": false,
            "title": "Sequence of Contour Points in SPF Notation",
            "variation": {
                "rep": {
                    "size": 8,
                    "type": "Regular"
                },
                "type": "Repetitive",
                "variation": {
                    "items": [
                        {
                            "definition": null,
                            "description": null,
                            "name": "X1",
                            "remark": null,
                            "spare": false,
                            "title": "",
                            "variation": {
                                "rule": {
                                    "content": {
                                        "type": "Raw"
                                    },
                                    "type": "ContextFree"
                                },
                                "size": 8,
                                "type": "Element"
                            }
                        },
                        {
                            "definition": null,
                            "description": null,
                            "name": "Y1",
                            "remark": null,
                            "spare": false,
                            "title": "",
                            "variation": {
                                "rule": {
                                    "content": {
                                        "type": "Raw"
                                    },
                                    "type": "ContextFree"
                                },
                                "size": 8,
                                "type": "Element"
                            }
                        }
                    ],
                    "type": "Group"
                }
            }
        },
        {
            "definition": "Absolute time stamping expressed as Coordinated Universal Time (UTC) time.\n",
            "description": null,
            "name": "090",
            "remark": "Notes:\n    1. The time of day value is reset to zero each day at midnight.\n    2. For time management in radar transmission applications, refer\n       to Part 1, paragraph 5.4 [Ref. 1].\n",
            "spare": false,
            "title": "Time of Day",
            "variation": {
                "rule": {
                    "content": {
                        "constraints": [],
                        "fractionalBits": 7,
                        "scaling": {
                            "type": "Integer",
                            "value": 1
                        },
                        "signed": false,
                        "type": "Quantity",
                        "unit": "s"
                    },
                    "type": "ContextFree"
                },
                "size": 24,
                "type": "Element"
            }
        },
        {
            "definition": "Information concerning the scaling factor currently applied, current\nreduction step in use, etc.\n",
            "description": null,
            "name": "100",
            "remark": "Note:\n    F: Scaling factor, negative values are represented in 2's complement\n    form, bit-24 is set to 0 for positive values and 1 for negative values.\n    R: Current reduction stage in use. Normal operation is indicated by a\n    value of zero. The actual bit signification is application dependent.\n    Q: Processing parameters. The actual bit signification isapplication dependent.\n",
            "spare": false,
            "title": "Processing Status",
            "variation": {
                "items": [
                    {
                        "definition": null,
                        "description": null,
                        "name": "F",
                        "remark": null,
                        "spare": false,
                        "title": "Scaling Factor",
                        "variation": {
                            "rule": {
                                "content": {
                                    "constraints": [],
                                    "fractionalBits": 0,
                                    "scaling": {
                                        "type": "Integer",
                                        "value": 1
                                    },
                                    "signed": true,
                                    "type": "Quantity",
                                    "unit": ""
                                },
                                "type": "ContextFree"
                            },
                            "size": 5,
                            "type": "Element"
                        }
                    },
                    {
                        "definition": null,
                        "description": null,
                        "name": "R",
                        "remark": null,
                        "spare": false,
                        "title": "Current Reduction Stage in Use",
                        "variation": {
                            "rule": {
                                "content": {
                                    "type": "Raw"
                                },
                                "type": "ContextFree"
                            },
                            "size": 3,
                            "type": "Element"
                        }
                    },
                    {
                        "definition": null,
                        "description": null,
                        "name": "Q",
                        "remark": null,
                        "spare": false,
                        "title": "Processing Parameters",
                        "variation": {
                            "rule": {
                                "content": {
                                    "type": "Raw"
                                },
                                "type": "ContextFree"
                            },
                            "size": 15,
                            "type": "Element"
                        }
                    },
                    null
                ],
                "type": "Extended"
            }
        },
        {
            "definition": "Information concerning the use and status of some vital hardware\ncomponents of a radar system .\n",
            "description": null,
            "name": "110",
            "remark": "Note:\n    Due to the diversity in hardware design and requirements of present\n    and future radar stations, it is felt impractical to attempt to\n    define individual bits.\n",
            "spare": false,
            "title": "Station Configuration Status",
            "variation": {
                "rep": {
                    "type": "Fx"
                },
                "type": "Repetitive",
                "variation": {
                    "rule": {
                        "content": {
                            "type": "Raw"
                        },
                        "type": "ContextFree"
                    },
                    "size": 7,
                    "type": "Element"
                }
            }
        },
        {
            "definition": "Total number of vectors, respectively contour points, constituting\nthe total weather image, provided with the EOP message.\n",
            "description": null,
            "name": "120",
            "remark": null,
            "spare": false,
            "title": "Total Number of Items Constituting One Weather Picture",
            "variation": {
                "rule": {
                    "content": {
                        "constraints": [],
                        "signed": false,
                        "type": "Integer"
                    },
                    "type": "ContextFree"
                },
                "size": 16,
                "type": "Element"
            }
        },
        {
            "definition": "Special Purpose Field\n",
            "description": null,
            "name": "SP",
            "remark": null,
            "spare": false,
            "title": "Special Purpose Field",
            "variation": {
                "expl": "SP",
                "type": "Explicit"
            }
        },
        {
            "definition": "Random Field Sequencing\n",
            "description": null,
            "name": "RFS",
            "remark": null,
            "spare": false,
            "title": "Random Field Sequencing",
            "variation": {
                "type": "Rfs"
            }
        }
    ],
    "date": {
        "day": 1,
        "month": 4,
        "year": 2021
    },
    "edition": {
        "major": 1,
        "minor": 3
    },
    "number": 8,
    "preamble": "Surveillance data exchange.\n",
    "title": "Monoradar Derived Weather Information",
    "type": "Basic",
    "uap": {
        "items": [
            "010",
            "000",
            "020",
            "036",
            "034",
            "040",
            "050",
            "090",
            "100",
            "110",
            "120",
            "038",
            "SP",
            "RFS"
        ],
        "type": "uap"
    }
}